{"cameraMode":{"drawMode":0,"name":"Shaded","section":"Shading Mode"},"sceneLighting":true,"audioPlay":false,"sceneViewState":{"m_AlwaysRefresh":false,"showFog":false,"showSkybox":true,"showFlares":false,"showImageEffects":false,"showParticleSystems":false,"showVisualEffectGraphs":true,"m_FxEnabled":true},"in2DMode":false,"pivot":{"x":-319.13909912109377,"y":-58.622283935546878,"z":-104.04949951171875},"rotation":{"x":0.056807391345500949,"y":-0.7895421385765076,"z":0.07385808229446411,"w":0.6066685914993286},"size":219.66058349609376,"orthographic":false}