{"cameraMode":{"drawMode":0,"name":"Shaded","section":"Shading Mode"},"sceneLighting":true,"audioPlay":false,"sceneViewState":{"m_AlwaysRefresh":false,"showFog":false,"showSkybox":true,"showFlares":false,"showImageEffects":false,"showParticleSystems":false,"showVisualEffectGraphs":true,"m_FxEnabled":true},"in2DMode":false,"pivot":{"x":0.7114893198013306,"y":-14.107648849487305,"z":180.22406005859376},"rotation":{"x":-0.04798000305891037,"y":0.004190746694803238,"z":-0.00020417108316905797,"w":-0.998844563961029},"size":156.06777954101563,"orthographic":false}